track__artists__name,track__name,track__preview_url
LeAnn Rimes,Life Goes On,https://p.scdn.co/mp3-preview/e7c6a081aeb75ea4a5aa8c435acbd77dacdc7e8c?cid=774b29d4f13844c495f206cafdad9c86
Natalie Imbruglia,Torn,https://p.scdn.co/mp3-preview/c405418fc59792bc65184dad566a3b2dfb3734cb?cid=774b29d4f13844c495f206cafdad9c86
Wheatus,Teenage Dirtbag,https://p.scdn.co/mp3-preview/7e909315e9cc08a71ed050493796e88a93b56984?cid=774b29d4f13844c495f206cafdad9c86
Destiny's Child,Say My Name,https://p.scdn.co/mp3-preview/02ee79550a6b38fc7e9f7df1e521ae639b1e2c23?cid=774b29d4f13844c495f206cafdad9c86
OutKast,Ms. Jackson,https://p.scdn.co/mp3-preview/36ade9974fa85079e996dd9aca93af62c4e88711?cid=774b29d4f13844c495f206cafdad9c86
Santana,Smooth,https://p.scdn.co/mp3-preview/9f977ebb2e695502c8b1d3bd678ef706c9ea4ccb?cid=774b29d4f13844c495f206cafdad9c86
Crazy Town,Butterfly,https://p.scdn.co/mp3-preview/8bab4427d8ce0fcb58daacaa20d19864554806f1?cid=774b29d4f13844c495f206cafdad9c86
TLC,Waterfalls,https://p.scdn.co/mp3-preview/0d6910587f1e6081f7016d8bc2ec7ab94cf5f0fe?cid=774b29d4f13844c495f206cafdad9c86
Will Smith,Miami,https://p.scdn.co/mp3-preview/fabc6695056c4b63938190df123de6d33b193478?cid=774b29d4f13844c495f206cafdad9c86
2Pac,California Love - Original Version,https://p.scdn.co/mp3-preview/5d8eaad9cd9e8c1f060aea44109d9839c5eaeb59?cid=774b29d4f13844c495f206cafdad9c86
Sixpence None The Richer,Kiss Me,https://p.scdn.co/mp3-preview/debe99cfd8e4f3b6703aed6ace0f6be2db6696a3?cid=774b29d4f13844c495f206cafdad9c86
Avril Lavigne,Complicated,https://p.scdn.co/mp3-preview/497f3eed8dedf972b878e04e4e3f6b18556226c3?cid=774b29d4f13844c495f206cafdad9c86
Alicia Keys,Fallin',https://p.scdn.co/mp3-preview/b3dea0edd6e1e3a122f11903463de8d2d9ff3044?cid=774b29d4f13844c495f206cafdad9c86
Jennifer Lopez,Let's Get Loud,https://p.scdn.co/mp3-preview/1602f796323f42a598872fd87e8665403a676564?cid=774b29d4f13844c495f206cafdad9c86
Titiyo,Come Along,https://p.scdn.co/mp3-preview/ded21a5deb63c078e8b2c8bf81856ee7f70f036a?cid=774b29d4f13844c495f206cafdad9c86
Robbie Williams,Rock DJ,https://p.scdn.co/mp3-preview/9cc803e90d8c449f789c3df4cee5465980558625?cid=774b29d4f13844c495f206cafdad9c86
Robbie Williams,Supreme,https://p.scdn.co/mp3-preview/d1e91a45de8133a734ae9b1f957305d57f111d1e?cid=774b29d4f13844c495f206cafdad9c86
Deep Blue Something,Breakfast At Tiffany's,https://p.scdn.co/mp3-preview/845f05078c3f5848ef706fcfe350d927722182d9?cid=774b29d4f13844c495f206cafdad9c86
Mary J. Blige,As,https://p.scdn.co/mp3-preview/3feab4f681de2c9ee39e8798a2f9815773841b01?cid=774b29d4f13844c495f206cafdad9c86
Anastacia,One Day In Your Life - European Version,https://p.scdn.co/mp3-preview/12b7357572dd92a92fa3e0c633a9281e40414e4c?cid=774b29d4f13844c495f206cafdad9c86
Xzibit,X,https://p.scdn.co/mp3-preview/df941a89f67af3a2d854a66b0e2b4e8e5621e26e?cid=774b29d4f13844c495f206cafdad9c86
Diddy,Satisfy You - Radio Edit,https://p.scdn.co/mp3-preview/6e7338129ab43d3362f3ed7ddfa16ea98ef257a4?cid=774b29d4f13844c495f206cafdad9c86
Mary Mary,Shackles (Praise You),https://p.scdn.co/mp3-preview/29b6ae82a9da432425ee6a7799db365257880a76?cid=774b29d4f13844c495f206cafdad9c86
Atomic Kitten,Eternal Flame - Single Version,https://p.scdn.co/mp3-preview/363eb0fcc215cbc55bf5d3b8cdcd68932c1aed46?cid=774b29d4f13844c495f206cafdad9c86
Atomic Kitten,Whole Again,https://p.scdn.co/mp3-preview/e87df5cfe51abb97aae132ef05180df97d039078?cid=774b29d4f13844c495f206cafdad9c86
Santana,Corazon Espinado,https://p.scdn.co/mp3-preview/5b0741c22dd6d8f316263e30379d1d7a1eff6636?cid=774b29d4f13844c495f206cafdad9c86
Men At Work,Down Under,https://p.scdn.co/mp3-preview/86a1faef231d1563807a0d5e522f1d9458f367e1?cid=774b29d4f13844c495f206cafdad9c86
Emma Bunton,What Took You So Long?,https://p.scdn.co/mp3-preview/1450112f3fdce15ffd9bffd04018a6894d869142?cid=774b29d4f13844c495f206cafdad9c86
Morcheeba,Rome Wasn't Built In A Day,https://p.scdn.co/mp3-preview/ab75322985890c4a2498c1974b57d0214b41c765?cid=774b29d4f13844c495f206cafdad9c86
"Christian ""Boni"" Koller",Bravo Hugo,https://p.scdn.co/mp3-preview/470b84d68b2c268e9c642306237b979acf78f198?cid=774b29d4f13844c495f206cafdad9c86
Whitney Houston,My Love Is Your Love,https://p.scdn.co/mp3-preview/9a265fe7b4388ee91fc80a122c5ff685259a678d?cid=774b29d4f13844c495f206cafdad9c86
Diddy,I'll Be Missing You (feat. Faith Evans & 112),https://p.scdn.co/mp3-preview/af96792ff706c7b87a5f192b2d82b54317543a06?cid=774b29d4f13844c495f206cafdad9c86
Will Smith,Just The Two Of Us,https://p.scdn.co/mp3-preview/9532bc8aa88fb1614261174e8a050fffecf7d143?cid=774b29d4f13844c495f206cafdad9c86
Fugees,Fu-Gee-La,https://p.scdn.co/mp3-preview/bee34ff84a3d19eeb9c78b4aaea0ad40644ede97?cid=774b29d4f13844c495f206cafdad9c86
2Pac,Changes - 1998 Greatest Hits (Explicit),https://p.scdn.co/mp3-preview/812074c03f060d6d2477b6d4d9ccd264e95ad1ce?cid=774b29d4f13844c495f206cafdad9c86
Uncle Kracker,Follow Me,https://p.scdn.co/mp3-preview/482cf9985443c2e4907eff3c81f1107616a42ef1?cid=774b29d4f13844c495f206cafdad9c86
Baha Men,Who Let The Dogs Out,https://p.scdn.co/mp3-preview/2d508a24709fa835647b18fdd559d3e4cbb6ac1f?cid=774b29d4f13844c495f206cafdad9c86
Dionne Warwick,That's What Friends Are For,https://p.scdn.co/mp3-preview/bac4de8e5420e59ff214b8835b706ff424494715?cid=774b29d4f13844c495f206cafdad9c86
Buffalo Springfield,For What It's Worth,https://p.scdn.co/mp3-preview/a0cc83ddc1b9c032f5e97546651aff9ca8b7e84a?cid=774b29d4f13844c495f206cafdad9c86
Ace of Base,All That She Wants,https://p.scdn.co/mp3-preview/ac41624323eaeb9f3f7b2c5ec585790cb1f9c8a8?cid=774b29d4f13844c495f206cafdad9c86
Amy Winehouse,Back To Black,https://p.scdn.co/mp3-preview/c957f5b473f09e3f003f185f16e0b12be2a5e1b5?cid=774b29d4f13844c495f206cafdad9c86
Shakira,Hips Don't Lie,https://p.scdn.co/mp3-preview/3859547944f57cfb7b996f6551148c9467889d4b?cid=774b29d4f13844c495f206cafdad9c86
Gnarls Barkley,Crazy,https://p.scdn.co/mp3-preview/b05681b8d3d07a6e0eed3a69d7e6bc221064d8e6?cid=774b29d4f13844c495f206cafdad9c86
Miley Cyrus,Party In The U.S.A.,https://p.scdn.co/mp3-preview/64e5d7979445e8402011934fe1c201675f1c210e?cid=774b29d4f13844c495f206cafdad9c86
Britney Spears,Toxic,https://p.scdn.co/mp3-preview/8465386fd6ce10f7ae3bd9c907825d7cb955ade0?cid=774b29d4f13844c495f206cafdad9c86
Justin Timberlake,SexyBack,https://p.scdn.co/mp3-preview/e4ff7d627759f7c67e5814ddd821ba6b507136da?cid=774b29d4f13844c495f206cafdad9c86
Blu Cantrell,Hit 'Em up Style (Oops!),https://p.scdn.co/mp3-preview/b45731b31c5ad4490f954e42954f593d3ed4bb54?cid=774b29d4f13844c495f206cafdad9c86
OutKast,Hey Ya! - Radio Mix / Club Mix,https://p.scdn.co/mp3-preview/e40ad9c8016efc1f25a291f3b0aea58d691948b5?cid=774b29d4f13844c495f206cafdad9c86
Kesha,TiK ToK,https://p.scdn.co/mp3-preview/8ab0eb630a60787224163576736647620b6d98c8?cid=774b29d4f13844c495f206cafdad9c86
Rihanna,Don't Stop The Music,https://p.scdn.co/mp3-preview/aa719043509d8d1fb4b4ad30629c86d2615d06fd?cid=774b29d4f13844c495f206cafdad9c86
Katy Perry,I Kissed A Girl,https://p.scdn.co/mp3-preview/29414f20ba1659e9f54612e358d881861aa90c2d?cid=774b29d4f13844c495f206cafdad9c86
Destiny's Child,Survivor,https://p.scdn.co/mp3-preview/c48860e5c7ce2f6a312b6bc4efd16de85ec49216?cid=774b29d4f13844c495f206cafdad9c86
Jason Mraz,I'm Yours,https://p.scdn.co/mp3-preview/29daf77094a5d8bb84eaaffdf51b665834970bea?cid=774b29d4f13844c495f206cafdad9c86
Jordin Sparks,No Air,https://p.scdn.co/mp3-preview/3fdf0096af650a0ab38749a07a6f879bbb903822?cid=774b29d4f13844c495f206cafdad9c86
Nelly,Dilemma,https://p.scdn.co/mp3-preview/1f19df644757aff5c887881620611c24713c4809?cid=774b29d4f13844c495f206cafdad9c86
Adele,Make You Feel My Love,https://p.scdn.co/mp3-preview/49d5d0ada7a36e4320330ecc26082b6a569df339?cid=774b29d4f13844c495f206cafdad9c86
Usher,U Remind Me,https://p.scdn.co/mp3-preview/b94b8fba4179746fbb1f23dd124d1aa076f50131?cid=774b29d4f13844c495f206cafdad9c86
Gwen Stefani,Hollaback Girl,https://p.scdn.co/mp3-preview/10d17836747a13d17cf73a570fd7ff094482a12f?cid=774b29d4f13844c495f206cafdad9c86
*NSYNC,Bye Bye Bye,https://p.scdn.co/mp3-preview/77bebc1b16038e9815ffa63d91492bc3b7b8d5a6?cid=774b29d4f13844c495f206cafdad9c86
Rihanna,Umbrella,https://p.scdn.co/mp3-preview/d2f6c09abf795c6842cab7e60310cd7cd10898c5?cid=774b29d4f13844c495f206cafdad9c86
John Legend,Ordinary People,https://p.scdn.co/mp3-preview/9dec46f2a5152cfaed32c29160d22bb29268f8be?cid=774b29d4f13844c495f206cafdad9c86
Daft Punk,One More Time - Short Radio Edit,https://p.scdn.co/mp3-preview/9bffd7dda9b9b9c72f9404591167f40fd857b459?cid=774b29d4f13844c495f206cafdad9c86
MGMT,Kids,https://p.scdn.co/mp3-preview/6a749da38e969dca948f36139f976b594db38f5d?cid=774b29d4f13844c495f206cafdad9c86
Santana,Maria Maria (feat. The Product G&B) - Radio Edit,https://p.scdn.co/mp3-preview/c349f20a13515fd8df51f08bfcf0f8a2e6675cda?cid=774b29d4f13844c495f206cafdad9c86
Natasha Bedingfield,Unwritten,https://p.scdn.co/mp3-preview/54cf4f47feb840242695d20e560efaa2990d5f6a?cid=774b29d4f13844c495f206cafdad9c86
Destiny's Child,Bootylicious,https://p.scdn.co/mp3-preview/7e327ccb1e4c52b2e759c8f9f4b7eb19f4e82d81?cid=774b29d4f13844c495f206cafdad9c86
Britney Spears,Oops!...I Did It Again,https://p.scdn.co/mp3-preview/507a3f678f015d1d67893d4f35eb38904ca5ece8?cid=774b29d4f13844c495f206cafdad9c86
Kelly Clarkson,Since U Been Gone,https://p.scdn.co/mp3-preview/620bf0eecfb629e4bcd9feac1dd61e3bac66e654?cid=774b29d4f13844c495f206cafdad9c86
Dido,White Flag,https://p.scdn.co/mp3-preview/670fb3dc6a27da86b80e0816c15d474f96e5ff1a?cid=774b29d4f13844c495f206cafdad9c86
Coldplay,The Scientist,https://p.scdn.co/mp3-preview/95cb9df1b056d759920b5e85ad7f9aff0a390671?cid=774b29d4f13844c495f206cafdad9c86
Madonna,4 Minutes (feat. Justin Timberlake & Timbaland) - feat. Justin Timberlake And Timbaland,https://p.scdn.co/mp3-preview/3017f41234c54ef09c66f4d2ff47e1acee8d8a4e?cid=774b29d4f13844c495f206cafdad9c86
Beyonc√©,Halo,https://p.scdn.co/mp3-preview/3c97985f3736fab6d4abcd2067f346a9b30955fa?cid=774b29d4f13844c495f206cafdad9c86
Dixie Chicks,Not Ready to Make Nice,https://p.scdn.co/mp3-preview/48dd6ee93b20f328eca9f4613ce31508d687504c?cid=774b29d4f13844c495f206cafdad9c86
Sara Bareilles,Love Song,https://p.scdn.co/mp3-preview/6a346c9d0573a678ca5b2d001c8884d4161b850c?cid=774b29d4f13844c495f206cafdad9c86
Bruno Mars,Marry You,https://p.scdn.co/mp3-preview/b50deda939ea24755b044a89c7997bb43f252f5a?cid=774b29d4f13844c495f206cafdad9c86
Christina Aguilera,Beautiful,https://p.scdn.co/mp3-preview/3c9ad69c04cfe7e27ce24c9c22784285f025b551?cid=774b29d4f13844c495f206cafdad9c86
Kelly Clarkson,Because of You,https://p.scdn.co/mp3-preview/1ffacd1eff9346421586e1fc8ad4e4e7602c188d?cid=774b29d4f13844c495f206cafdad9c86
Sophie Ellis-Bextor,Murder On The Dancefloor,https://p.scdn.co/mp3-preview/d7cefcc830aee25a696765e9049a16cacae64681?cid=774b29d4f13844c495f206cafdad9c86
The xx,Intro,https://p.scdn.co/mp3-preview/e88460c474e9eb7186bb4ba38e27806160c55fa9?cid=774b29d4f13844c495f206cafdad9c86
Leona Lewis,Bleeding Love,https://p.scdn.co/mp3-preview/f3d2399d85d47296e11452411a1e010b2c7ca371?cid=774b29d4f13844c495f206cafdad9c86
OutKast,Ms. Jackson,https://p.scdn.co/mp3-preview/36ade9974fa85079e996dd9aca93af62c4e88711?cid=774b29d4f13844c495f206cafdad9c86
Eminem,"Lose Yourself - From ""8 Mile"" Soundtrack",https://p.scdn.co/mp3-preview/14a42f83aad3ea545736184a08323545090bdd48?cid=774b29d4f13844c495f206cafdad9c86
Bruno Mars,Just The Way You Are,https://p.scdn.co/mp3-preview/07c6c33d6426d61ffd2e93d4c06ca599f7761b46?cid=774b29d4f13844c495f206cafdad9c86
David Guetta,When Love Takes Over (feat. Kelly Rowland),https://p.scdn.co/mp3-preview/f9877d70c57311941dca4782fbaa41efce514c67?cid=774b29d4f13844c495f206cafdad9c86
Jamiroquai,Little L,https://p.scdn.co/mp3-preview/ebca9b39349cd2955cfada4475600f56c0c4b8ce?cid=774b29d4f13844c495f206cafdad9c86
Pitbull,I Know You Want Me (Calle Ocho),https://p.scdn.co/mp3-preview/9ac6ac06e93f53f6ded690a12c38d21e3a7a0d71?cid=774b29d4f13844c495f206cafdad9c86
Sean Paul,Get Busy,https://p.scdn.co/mp3-preview/9852d037d90d8059d97546917af1ead2f7393321?cid=774b29d4f13844c495f206cafdad9c86
The White Stripes,Seven Nation Army,https://p.scdn.co/mp3-preview/82731065c728a8e9baf09f4e1af235265cd19054?cid=774b29d4f13844c495f206cafdad9c86
Train,"Hey, Soul Sister",https://p.scdn.co/mp3-preview/b6393162ba6857ed9954230a0f2a2f1c3cab0883?cid=774b29d4f13844c495f206cafdad9c86
Red Hot Chili Peppers,Snow (Hey Oh),https://p.scdn.co/mp3-preview/958b3e3c13c8c1fed008400ec2a6b821a821cccc?cid=774b29d4f13844c495f206cafdad9c86
Duffy,Mercy,https://p.scdn.co/mp3-preview/99c41fbd4f944539451f235c689391f11e8259ca?cid=774b29d4f13844c495f206cafdad9c86
Panic! At The Disco,I Write Sins Not Tragedies,https://p.scdn.co/mp3-preview/930966829960ca443d5fc2dae62c9cd5b9d6a395?cid=774b29d4f13844c495f206cafdad9c86
Nickelback,How You Remind Me,https://p.scdn.co/mp3-preview/bce58ffc6c70e0fcf2f2c0228f794743a07569ab?cid=774b29d4f13844c495f206cafdad9c86
Norah Jones,Don't Know Why,https://p.scdn.co/mp3-preview/4b5b0f1ff61f6397ef1489af2c52cb337d084a27?cid=774b29d4f13844c495f206cafdad9c86
The Corrs,Breathless,https://p.scdn.co/mp3-preview/238cabbbeaa52aa08c45c2ce887879fb95b4d9f3?cid=774b29d4f13844c495f206cafdad9c86
The Calling,Wherever You Will Go,https://p.scdn.co/mp3-preview/9cdcf48bfbfae819688145590f5bd2fea8634186?cid=774b29d4f13844c495f206cafdad9c86
Missy Elliott,Get Ur Freak On,https://p.scdn.co/mp3-preview/377a872a710350a8aa969597d4a5a9979fa37d54?cid=774b29d4f13844c495f206cafdad9c86
Florence + The Machine,You've Got The Love,https://p.scdn.co/mp3-preview/5c4c61c2e44da71d54c6f232573b44355d1ac06e?cid=774b29d4f13844c495f206cafdad9c86
Katy Perry,Hot N Cold,https://p.scdn.co/mp3-preview/6337506b17d21a9e6e035a5c03d08fab19680cf4?cid=774b29d4f13844c495f206cafdad9c86
Whitney Houston,I Wanna Dance with Somebody (Who Loves Me),https://p.scdn.co/mp3-preview/3bb02cefe0aca5129bb4be624a3f0dba6f31409f?cid=774b29d4f13844c495f206cafdad9c86
Journey,Don't Stop Believin',https://p.scdn.co/mp3-preview/21b9abd3cd2eea634e17a917196fdd5ba2e82670?cid=774b29d4f13844c495f206cafdad9c86
Michael Jackson,Billie Jean,https://p.scdn.co/mp3-preview/4eb779428d40d579f14d12a9daf98fc66c7d0be4?cid=774b29d4f13844c495f206cafdad9c86
a-ha,Take On Me,https://p.scdn.co/mp3-preview/0f980d0fac59f77123d0272b78bce97f1374d9e9?cid=774b29d4f13844c495f206cafdad9c86
Depeche Mode,Just Can't Get Enough,https://p.scdn.co/mp3-preview/899caa29746e4ea35731fcf93a307821b1583c2b?cid=774b29d4f13844c495f206cafdad9c86
Eurythmics,Sweet Dreams (Are Made of This) - Remastered,https://p.scdn.co/mp3-preview/90dbf17146e76483a9fe296d7f03001e2f07199f?cid=774b29d4f13844c495f206cafdad9c86
Madonna,Holiday,https://p.scdn.co/mp3-preview/707260adff8a4d4b5b041ee5abeebe04ac9831ec?cid=774b29d4f13844c495f206cafdad9c86
Michael Sembello,Maniac,https://p.scdn.co/mp3-preview/41932e7cc386f26ba6d419c2bd132dcf02ac0b2e?cid=774b29d4f13844c495f206cafdad9c86
Daryl Hall & John Oates,Maneater - Radio Edit,https://p.scdn.co/mp3-preview/9d4890524be2b649905e936ecf46f9f76dfe09fd?cid=774b29d4f13844c495f206cafdad9c86
Queen,Another One Bites The Dust - Remastered 2011,https://p.scdn.co/mp3-preview/c105fe344eed632ebb72a1a0ed8efcfb5a47c6ff?cid=774b29d4f13844c495f206cafdad9c86
Europe,The Final Countdown,https://p.scdn.co/mp3-preview/e7bc429aad4cba1d8dd8afe4f70de56065a0765f?cid=774b29d4f13844c495f206cafdad9c86
Alphaville,Forever Young,https://p.scdn.co/mp3-preview/847a8d10c771089bbb767c1763f4b54b76115442?cid=774b29d4f13844c495f206cafdad9c86
Men At Work,Down Under,https://p.scdn.co/mp3-preview/e2a0e908126b04c92cf0f80c29242d46f2b45396?cid=774b29d4f13844c495f206cafdad9c86
Paul Simon,You Can Call Me Al,https://p.scdn.co/mp3-preview/3be25f14812ac02efe0911b392ef02ae64df27f7?cid=774b29d4f13844c495f206cafdad9c86
The Clash,Should I Stay or Should I Go - Remastered,https://p.scdn.co/mp3-preview/670a419f7cb549ef6d3d7f9c5060ac6b8c112fa4?cid=774b29d4f13844c495f206cafdad9c86
Lionel Richie,Hello,https://p.scdn.co/mp3-preview/dbb5f96fc0bc63fb4c4ceb361c17737e567dd491?cid=774b29d4f13844c495f206cafdad9c86
Rick Astley,Never Gonna Give You Up,https://p.scdn.co/mp3-preview/a69cabb16c6c3333db903d1f538e808493689e40?cid=774b29d4f13844c495f206cafdad9c86
Belinda Carlisle,Heaven Is a Place on Earth,https://p.scdn.co/mp3-preview/d51127e836e3a7bf005ecc519f2766a862a5739d?cid=774b29d4f13844c495f206cafdad9c86
Dolly Parton,9 to 5,https://p.scdn.co/mp3-preview/a3c584358e68ee984ac4b1f31d4a832fb46aeeb9?cid=774b29d4f13844c495f206cafdad9c86
Cyndi Lauper,Girls Just Want to Have Fun,https://p.scdn.co/mp3-preview/b7dc055382341560973132ef4dcb45c150875f37?cid=774b29d4f13844c495f206cafdad9c86
Stevie Wonder,I Just Called To Say I Love You,https://p.scdn.co/mp3-preview/785427bbefd24a7b775db6286786cc92e1eb2bdd?cid=774b29d4f13844c495f206cafdad9c86
Kenny Loggins,Footloose,https://p.scdn.co/mp3-preview/0982054b4e6e6e53f0760b19a73c7128e367e615?cid=774b29d4f13844c495f206cafdad9c86
Bonnie Tyler,Total Eclipse of the Heart,https://p.scdn.co/mp3-preview/f48d5786b2115ef778856979ab8823072c0d8a7c?cid=774b29d4f13844c495f206cafdad9c86
Chicago,You're The Inspiration - 2006 Remastered Version,https://p.scdn.co/mp3-preview/81c3639880ea347eeecbcbb3d18f90fcf02a6726?cid=774b29d4f13844c495f206cafdad9c86
Starship,Nothing's Gonna Stop Us Now,https://p.scdn.co/mp3-preview/021d3772b92fb0308c0b1852cf4aa444de3fdb81?cid=774b29d4f13844c495f206cafdad9c86
Guns N' Roses,Sweet Child O' Mine,https://p.scdn.co/mp3-preview/08877fcd63336fdd8c184fb5d1195fd5f6cc89cf?cid=774b29d4f13844c495f206cafdad9c86
Simple Minds,Don't You (Forget About Me),https://p.scdn.co/mp3-preview/c67b4474b763735ac27fc54d9779609f7e10a9de?cid=774b29d4f13844c495f206cafdad9c86
Billy Joel,Uptown Girl,https://p.scdn.co/mp3-preview/fcc3b727931ee5011d48e54124f7982cebc0433a?cid=774b29d4f13844c495f206cafdad9c86
Dire Straits,Money For Nothing,https://p.scdn.co/mp3-preview/40e7c5b82506af65cfeb5bf6767fa96cab6bdf7b?cid=774b29d4f13844c495f206cafdad9c86
Dire Straits,Brothers In Arms,https://p.scdn.co/mp3-preview/6e6d99c43f980653536d0a1b16029b611a22da32?cid=774b29d4f13844c495f206cafdad9c86
Survivor,Eye of the Tiger,https://p.scdn.co/mp3-preview/9e37f230afd37042e49f3d144c3b94e0b39ef8ba?cid=774b29d4f13844c495f206cafdad9c86
Michael Jackson,Beat It - Single Version,https://p.scdn.co/mp3-preview/386acb48d5b2f6c205200062b6ce158c4ba52647?cid=774b29d4f13844c495f206cafdad9c86
UB40,Red Red Wine,https://p.scdn.co/mp3-preview/716dab6c5404d97ebfbc6ef8b0eb90b115966c38?cid=774b29d4f13844c495f206cafdad9c86
Laura Branigan,Gloria,https://p.scdn.co/mp3-preview/c3e63f5c841d9cce67465874a2100c9c88a81cdf?cid=774b29d4f13844c495f206cafdad9c86
The Proclaimers,I'm Gonna Be (500 Miles),https://p.scdn.co/mp3-preview/2919264bff964a01ab401bdb3d15b2a953301ae0?cid=774b29d4f13844c495f206cafdad9c86
Culture Club,Karma Chameleon,https://p.scdn.co/mp3-preview/f3736b3acecd13a8b343e844e56ea03f26e3710f?cid=774b29d4f13844c495f206cafdad9c86
Cutting Crew,(I Just) Died In Your Arms,https://p.scdn.co/mp3-preview/be3ddee73cfec910ba72a81cbbe7a56faee86657?cid=774b29d4f13844c495f206cafdad9c86
George Michael,Careless Whisper,https://p.scdn.co/mp3-preview/ab98c6031a85f245e278159490ccb22dc3440ad7?cid=774b29d4f13844c495f206cafdad9c86
Van Halen,Jump - Remastered Version,https://p.scdn.co/mp3-preview/1272f580e516703bd4c01ebaf441b9a5261ad5d5?cid=774b29d4f13844c495f206cafdad9c86
Starship,We Built This City,https://p.scdn.co/mp3-preview/06ee3eebc448fa3f13144d300ff8828592c00ae9?cid=774b29d4f13844c495f206cafdad9c86
The Pointer Sisters,I'm So Excited,https://p.scdn.co/mp3-preview/df03e2377675391fbc2b9c0100bbd30772ef6905?cid=774b29d4f13844c495f206cafdad9c86
Phil Collins,In The Air Tonight - 2015 Remastered,https://p.scdn.co/mp3-preview/36ca54a4ddb42fac1cecd19684c351f160ed55fa?cid=774b29d4f13844c495f206cafdad9c86
Nena,99 Luftballons,https://p.scdn.co/mp3-preview/c711d77627eec81e5abbff3a8322741efd45657a?cid=774b29d4f13844c495f206cafdad9c86
Tina Turner,The Best - Edit,https://p.scdn.co/mp3-preview/738d50b081e945b2ef2b392e902571b261b92ed1?cid=774b29d4f13844c495f206cafdad9c86
Corey Hart,Sunglasses At Night,https://p.scdn.co/mp3-preview/32660bd016ae58790af52e99aca4da439d64c86d?cid=774b29d4f13844c495f206cafdad9c86
Madonna,Material Girl,https://p.scdn.co/mp3-preview/5ff7f7b7d2af1a747da275bed3c49054c01b5b1c?cid=774b29d4f13844c495f206cafdad9c86
George Michael,Faith - Remastered,https://p.scdn.co/mp3-preview/ad227db8dedb8bbe85768d81a804db1d6e537967?cid=774b29d4f13844c495f206cafdad9c86
Michael Jackson,Thriller,https://p.scdn.co/mp3-preview/0b62db54da539b34856448e509c30ce4601931f5?cid=774b29d4f13844c495f206cafdad9c86
Katrina & The Waves,Walking On Sunshine,https://p.scdn.co/mp3-preview/27b4eb723337cb13604727c4e4e421dad7cb1adf?cid=774b29d4f13844c495f206cafdad9c86
Tracy Chapman,Fast Car,https://p.scdn.co/mp3-preview/d7c7088e15ff83fd4352fa675f52e29986671b0c?cid=774b29d4f13844c495f206cafdad9c86
George Harrison,Got My Mind Set On You - Extended Version,https://p.scdn.co/mp3-preview/8b9cbedb2b196bfe1f0f6e79dc88e3f9aba1d422?cid=774b29d4f13844c495f206cafdad9c86
Gloria Estefan,Conga,https://p.scdn.co/mp3-preview/e754f2eec61bfb280ec8c2faa4bba9a33f2919f6?cid=774b29d4f13844c495f206cafdad9c86
Guns N' Roses,Paradise City,https://p.scdn.co/mp3-preview/9a991404c48dba35f8a52bf409762cdadd4aa008?cid=774b29d4f13844c495f206cafdad9c86
Duran Duran,Hungry Like The Wolf - 2009 Remastered Version,https://p.scdn.co/mp3-preview/5776fc355b811f08fc4143bcf039706d56bcc843?cid=774b29d4f13844c495f206cafdad9c86
Michael Jackson,Smooth Criminal - 2012 Remaster,https://p.scdn.co/mp3-preview/8dcbe2702477ac98c7c711cbafcac43e10063949?cid=774b29d4f13844c495f206cafdad9c86
Spandau Ballet,True,https://p.scdn.co/mp3-preview/1d9cd11b1b826e2335ef5cb8a6c78d839cab0a0b?cid=774b29d4f13844c495f206cafdad9c86
Bruce Springsteen,Dancing In the Dark,https://p.scdn.co/mp3-preview/ca523bfc94766689529e443009bcec6b56cf8b6a?cid=774b29d4f13844c495f206cafdad9c86
Bill Medley,(I've Had) The Time of My Life,https://p.scdn.co/mp3-preview/a8fb0eb28d9d8f6ca56252a18ba84ecbe434a294?cid=774b29d4f13844c495f206cafdad9c86
Irene Cara,What A Feeling,https://p.scdn.co/mp3-preview/bc6a35d8a3dbdbed0a7c7fde9a9ce6c4fc3207a6?cid=774b29d4f13844c495f206cafdad9c86
Berlin,"Take My Breath Away - Love Theme from ""Top Gun""",https://p.scdn.co/mp3-preview/fd6cde6ea002bc6c628297ec3a283d5d255cb470?cid=774b29d4f13844c495f206cafdad9c86
INXS,Need You Tonight,https://p.scdn.co/mp3-preview/61b17a335d5afc1c4086b1b08e2400f0da147977?cid=774b29d4f13844c495f206cafdad9c86
Cyndi Lauper,Time After Time,https://p.scdn.co/mp3-preview/0bd40c4c5f27548fd83f721380b99466c1c2094f?cid=774b29d4f13844c495f206cafdad9c86
Pat Benatar,Love Is A Battlefield,https://p.scdn.co/mp3-preview/81dd1cc3e6c9e174059c33585d74e23f4f1c319b?cid=774b29d4f13844c495f206cafdad9c86
Madness,Our House,https://p.scdn.co/mp3-preview/2046f0cec60f2aaed0dce002e4291eb80dd65294?cid=774b29d4f13844c495f206cafdad9c86
Pat Benatar,We Belong,https://p.scdn.co/mp3-preview/8842f3a264ece1cc58f093c35d2d74db082a3ab9?cid=774b29d4f13844c495f206cafdad9c86
Roxette,The Look,https://p.scdn.co/mp3-preview/d7698dbbf903869aeecc6cd749b1eed113adf71c?cid=774b29d4f13844c495f206cafdad9c86
New Order,Blue Monday '88,https://p.scdn.co/mp3-preview/849c4430a293813b83275bfd15c83c00cdeece83?cid=774b29d4f13844c495f206cafdad9c86
Pet Shop Boys,Always On My Mind,https://p.scdn.co/mp3-preview/c166b879110c7659204e2c464ed3048b0a8fb6bb?cid=774b29d4f13844c495f206cafdad9c86
Peter Gabriel,Sledgehammer - 2012 - Remaster,https://p.scdn.co/mp3-preview/44c8a4cfc460822269b77c94da36cdc710143053?cid=774b29d4f13844c495f206cafdad9c86
Mr. Mister,Broken Wings,https://p.scdn.co/mp3-preview/a5e3b1d4b6fed0b708bcf8d159619652a3eed724?cid=774b29d4f13844c495f206cafdad9c86
"Ray Parker, Jr.",Ghostbusters,https://p.scdn.co/mp3-preview/fc919929a10a7d712f76c36566321e2048f7daa8?cid=774b29d4f13844c495f206cafdad9c86
Genesis,Invisible Touch - Remastered 2007,https://p.scdn.co/mp3-preview/82c14c65d95a1c8f4a0d725efa26ac26f1933edd?cid=774b29d4f13844c495f206cafdad9c86
Luther Vandross,Never Too Much,https://p.scdn.co/mp3-preview/d2bb2d161bf2b714028073eff5ec353153ecc3ee?cid=774b29d4f13844c495f206cafdad9c86
Irene Cara,Fame,https://p.scdn.co/mp3-preview/80ea98767a53b4dd63fc54ffc9852d85e2faf60c?cid=774b29d4f13844c495f206cafdad9c86
Luis Fonsi,Despacito,https://p.scdn.co/mp3-preview/076f200df2b0f8b361ca1e6c268dba878ad998ce?cid=774b29d4f13844c495f206cafdad9c86
